<?xml version="1.0" encoding="UTF-8"?>
<project-private xmlns="http://www.netbeans.org/ns/project-private/1">
    <editor-bookmarks xmlns="http://www.netbeans.org/ns/editor-bookmarks/2" lastBookmarkId="0"/>
    <open-files xmlns="http://www.netbeans.org/ns/projectui-open-files/2">
        <group>
            <file>file:/C:/Users/HP/Desktop/7mo%20ciclo/Innovación%20y%20transformación%20digital/Semana%2010/SistemaReserva%20(1)/SistemaReserva/src/Paneles/MostrarReservas.java</file>
            <file>file:/C:/Users/HP/Desktop/7mo%20ciclo/Innovación%20y%20transformación%20digital/Semana%2010/SistemaReserva%20(1)/SistemaReserva/src/Paneles/PanelHabitacion.java</file>
            <file>file:/C:/Users/HP/Desktop/7mo%20ciclo/Innovación%20y%20transformación%20digital/Semana%2010/SistemaReserva%20(1)/SistemaReserva/src/Dao/DaoReserva.java</file>
        </group>
    </open-files>
</project-private>
